Date,High,Low,Open,Close,Volume,Adj Close
2018-01-02,191000.0,187000.0,188500.0,188500.0,116732.0,186521.234375
2018-01-03,186000.0,180000.0,184000.0,181000.0,339535.0,179099.96875
2018-01-04,180000.0,170500.0,180000.0,171500.0,617781.0,169699.703125
2018-01-05,172000.0,165000.0,171500.0,166500.0,548947.0,164752.171875
2018-01-08,169000.0,164000.0,168500.0,165500.0,319328.0,163762.6875
2018-01-09,169500.0,165500.0,166000.0,168500.0,282347.0,166731.1875
2018-01-10,170000.0,165000.0,169500.0,168000.0,277028.0,166236.4375
2018-01-11,169000.0,165500.0,168500.0,166000.0,256453.0,164257.4375
2018-01-12,169000.0,159500.0,168000.0,161500.0,476619.0,159804.671875
2018-01-15,167000.0,162500.0,164000.0,163500.0,275891.0,161783.671875
2018-01-16,167000.0,162000.0,163000.0,166500.0,192237.0,164752.171875
2018-01-17,169000.0,163500.0,165000.0,168500.0,235947.0,166731.1875
2018-01-18,169000.0,166000.0,166500.0,166500.0,236254.0,164752.171875
2018-01-19,170000.0,164500.0,166000.0,167500.0,252453.0,165741.6875
2018-01-22,169500.0,163000.0,169500.0,164000.0,184331.0,162278.421875
2018-01-23,169000.0,163000.0,163000.0,167500.0,198715.0,165741.6875
2018-01-24,168500.0,165500.0,166500.0,167500.0,139936.0,165741.6875
2018-01-25,169000.0,165000.0,166000.0,165500.0,157691.0,163762.6875
2018-01-26,176000.0,165000.0,165000.0,175500.0,635249.0,173657.703125
2018-01-29,175000.0,171000.0,175000.0,172000.0,238003.0,170194.453125
2018-01-30,175000.0,170000.0,173000.0,170000.0,172204.0,168215.4375
2018-01-31,174500.0,168000.0,169000.0,174000.0,200071.0,172173.453125
2018-02-01,178000.0,172000.0,173000.0,173500.0,174593.0,171678.703125
2018-02-02,174000.0,168500.0,173000.0,169500.0,163586.0,167720.703125
2018-02-05,168000.0,160000.0,165500.0,161000.0,257288.0,159309.921875
2018-02-06,157500.0,149500.0,154500.0,153000.0,459578.0,151393.890625
2018-02-07,154000.0,140500.0,153500.0,140500.0,1037686.0,139025.125
2018-02-08,142000.0,136000.0,140500.0,140500.0,392298.0,139025.125
2018-02-09,139500.0,135000.0,136000.0,136000.0,354694.0,134572.359375
2018-02-12,143500.0,137000.0,137500.0,142500.0,274326.0,141004.125
2018-02-13,148000.0,143500.0,145500.0,146000.0,472444.0,144467.375
2018-02-14,146500.0,141500.0,146000.0,142500.0,258855.0,141004.125
2018-02-19,148500.0,143500.0,146500.0,147500.0,208728.0,145951.640625
2018-02-20,148000.0,144000.0,146500.0,144000.0,176958.0,142488.375
2018-02-21,149500.0,142500.0,143500.0,148500.0,188547.0,146941.125
2018-02-22,152500.0,146000.0,147500.0,151500.0,231471.0,149909.65625
2018-02-23,158000.0,151500.0,151500.0,158000.0,262177.0,156341.421875
2018-02-26,160000.0,155000.0,159000.0,159000.0,244569.0,157330.921875
2018-02-27,158500.0,155000.0,157000.0,156000.0,202309.0,154362.40625
2018-02-28,155500.0,147000.0,155000.0,147500.0,899146.0,145951.640625
2018-03-02,151500.0,144500.0,145000.0,150000.0,178473.0,148425.390625
2018-03-05,149000.0,142500.0,147500.0,143000.0,270337.0,141498.875
2018-03-06,146500.0,142500.0,144000.0,144000.0,252933.0,142488.375
2018-03-07,148500.0,141500.0,147000.0,142000.0,268632.0,140509.359375
2018-03-08,145500.0,141500.0,142000.0,145000.0,272121.0,143477.875
2018-03-09,155000.0,146500.0,148000.0,151500.0,459122.0,149909.65625
2018-03-12,154500.0,150000.0,152500.0,151500.0,231306.0,149909.65625
2018-03-13,152000.0,148000.0,150500.0,148500.0,202796.0,146941.125
2018-03-14,148500.0,144500.0,147000.0,147000.0,129347.0,145456.890625
2018-03-15,148500.0,147000.0,147500.0,147500.0,166750.0,145951.640625
2018-03-16,152500.0,147500.0,149500.0,149500.0,210624.0,147930.640625
2018-03-19,150500.0,146000.0,149500.0,146000.0,135759.0,144467.375
2018-03-20,151000.0,144000.0,144500.0,148000.0,185968.0,146446.390625
2018-03-21,152000.0,148000.0,148000.0,149000.0,171749.0,147435.890625
2018-03-22,151500.0,147500.0,149500.0,148000.0,93791.0,146446.390625
2018-03-23,146000.0,142500.0,143500.0,143000.0,204733.0,141498.875
2018-03-26,147000.0,141000.0,142500.0,146000.0,210746.0,144467.375
2018-03-27,148000.0,145000.0,147500.0,145500.0,187474.0,143972.625
2018-03-28,147000.0,143500.0,143500.0,145000.0,134381.0,143477.875
2018-03-29,147500.0,145000.0,147000.0,147000.0,231934.0,145456.890625
2018-03-30,160500.0,149500.0,150000.0,153000.0,725123.0,151393.890625
2018-04-02,160500.0,153000.0,154500.0,157500.0,465021.0,155846.65625
2018-04-03,160000.0,154500.0,155000.0,159000.0,306607.0,157330.921875
2018-04-04,155500.0,146000.0,154500.0,146500.0,612059.0,144962.125
2018-04-05,153000.0,144500.0,152500.0,146500.0,495606.0,144962.125
2018-04-06,147000.0,142000.0,147000.0,142500.0,307450.0,141004.125
2018-04-09,145500.0,142000.0,142000.0,142500.0,226812.0,141004.125
2018-04-10,142500.0,138000.0,142000.0,139000.0,539097.0,137540.859375
2018-04-11,141000.0,138500.0,140000.0,139000.0,277581.0,137540.859375
2018-04-12,140000.0,137000.0,138500.0,137500.0,269038.0,136056.609375
2018-04-13,139500.0,136500.0,137500.0,138500.0,179732.0,137046.109375
2018-04-16,140000.0,133000.0,139500.0,133500.0,351512.0,132098.609375
2018-04-17,136500.0,133500.0,134500.0,134000.0,210004.0,132593.359375
2018-04-18,136000.0,134500.0,135000.0,134500.0,172263.0,133088.09375
2018-04-19,133000.0,128500.0,132500.0,129500.0,359780.0,128140.59375
2018-04-20,131000.0,128500.0,130000.0,128500.0,186533.0,127151.0859375
2018-04-23,130000.0,126000.0,128000.0,127500.0,482895.0,126161.5859375
2018-04-24,131500.0,126500.0,127500.0,129500.0,345125.0,128140.59375
2018-04-25,133500.0,128500.0,130500.0,131000.0,218142.0,129624.84375
2018-04-26,135000.0,131000.0,132500.0,132000.0,163482.0,130614.34375
2018-04-27,145500.0,135500.0,137000.0,142000.0,1015443.0,140509.359375
2018-04-30,148500.0,143000.0,145500.0,147500.0,555092.0,145951.640625
2018-05-02,149000.0,143000.0,144500.0,148500.0,375438.0,146941.125
2018-05-03,149500.0,142000.0,149500.0,143000.0,331607.0,141498.875
2018-05-04,143000.0,135000.0,141000.0,136000.0,337502.0,134572.359375
2018-05-08,136500.0,132000.0,135500.0,134500.0,253630.0,133088.09375
2018-05-09,137000.0,132500.0,134000.0,135000.0,308114.0,133582.84375
2018-05-10,140000.0,135000.0,135000.0,140000.0,251083.0,138530.375
2018-05-11,141000.0,136500.0,140000.0,140000.0,146147.0,138530.375
2018-05-14,143500.0,138500.0,140500.0,143000.0,216668.0,141498.875
2018-05-15,144500.0,139000.0,142500.0,139500.0,200443.0,138035.609375
2018-05-16,143000.0,137500.0,139000.0,141500.0,147887.0,140014.609375
2018-05-17,141000.0,138000.0,141000.0,140000.0,121293.0,138530.375
2018-05-18,140000.0,137500.0,139000.0,139500.0,89278.0,138035.609375
2018-05-21,144500.0,140500.0,141500.0,141500.0,198467.0,140014.609375
2018-05-23,146500.0,141500.0,141500.0,145500.0,344285.0,143972.625
2018-05-24,149500.0,142500.0,145500.0,147500.0,363553.0,145951.640625
2018-05-25,150000.0,146000.0,148500.0,150000.0,260127.0,148425.390625
2018-05-28,155000.0,148500.0,150000.0,151500.0,338418.0,149909.65625
2018-05-29,161500.0,154500.0,156500.0,158000.0,831698.0,156341.421875
2018-05-30,165000.0,155000.0,160500.0,157500.0,559721.0,155846.65625
2018-05-31,161500.0,152500.0,161500.0,157000.0,402782.0,155351.90625
2018-06-01,160500.0,153500.0,157500.0,154500.0,238444.0,152878.15625
2018-06-04,161500.0,156000.0,161500.0,157000.0,399459.0,155351.90625
2018-06-05,156500.0,150500.0,156000.0,152000.0,244202.0,150404.40625
2018-06-07,154000.0,148000.0,150000.0,154000.0,288833.0,152383.40625
2018-06-08,154000.0,150500.0,152000.0,151000.0,138967.0,149414.890625
2018-06-11,153500.0,149500.0,150500.0,151000.0,184607.0,149414.890625
2018-06-12,153000.0,150000.0,151000.0,151000.0,130121.0,149414.890625
2018-06-14,153000.0,150000.0,152500.0,152000.0,192413.0,150404.40625
2018-06-15,152500.0,148000.0,152500.0,149000.0,190294.0,147435.890625
2018-06-18,150000.0,146500.0,147000.0,148000.0,157847.0,146446.390625
2018-06-19,150500.0,146500.0,146500.0,149000.0,172448.0,147435.890625
2018-06-20,149500.0,141500.0,148000.0,148000.0,310522.0,146446.390625
2018-06-21,153000.0,146000.0,146000.0,150500.0,171999.0,148920.140625
2018-06-22,156000.0,149500.0,149500.0,155500.0,262467.0,153867.65625
2018-06-25,158500.0,153500.0,155500.0,154000.0,224534.0,152383.40625
2018-06-26,158000.0,152500.0,153500.0,158000.0,212663.0,156341.421875
2018-06-27,159000.0,155000.0,158000.0,158000.0,169430.0,156341.421875
2018-06-28,159500.0,153500.0,158500.0,154000.0,197652.0,152383.40625
2018-06-29,157000.0,151500.0,157000.0,152500.0,183324.0,150899.140625
2018-07-02,152000.0,148000.0,151500.0,149000.0,154323.0,147435.890625
2018-07-03,153500.0,149000.0,151000.0,153000.0,179485.0,151393.890625
2018-07-04,159000.0,152000.0,152500.0,158500.0,220130.0,156836.171875
2018-07-05,158500.0,153500.0,158000.0,155500.0,157910.0,153867.65625
2018-07-06,156500.0,150500.0,154500.0,156000.0,186159.0,154362.40625
2018-07-09,160500.0,156000.0,156000.0,160500.0,240017.0,158815.171875
2018-07-10,164000.0,161000.0,161500.0,163000.0,205541.0,161288.921875
2018-07-11,163000.0,158500.0,160500.0,162500.0,164209.0,160794.1875
2018-07-12,167000.0,160500.0,162500.0,166500.0,321006.0,164752.171875
2018-07-13,167000.0,158000.0,164500.0,159000.0,292058.0,157330.921875
2018-07-16,156500.0,148000.0,155500.0,150000.0,486751.0,148425.390625
2018-07-17,150500.0,146000.0,149500.0,149500.0,174137.0,147930.640625
2018-07-18,151500.0,148000.0,149500.0,148500.0,127235.0,146941.125
2018-07-19,150500.0,145500.0,148500.0,146000.0,129437.0,144467.375
2018-07-20,149000.0,146000.0,147000.0,146000.0,99020.0,144467.375
2018-07-23,148500.0,146000.0,146500.0,148500.0,113095.0,146941.125
2018-07-24,151000.0,146500.0,149500.0,147000.0,113300.0,145456.890625
2018-07-25,149500.0,147000.0,147500.0,149000.0,96526.0,147435.890625
2018-07-26,150500.0,148500.0,150000.0,150000.0,81443.0,148425.390625
2018-07-27,151500.0,146500.0,151500.0,146500.0,132989.0,144962.125
2018-07-30,146000.0,140500.0,144500.0,141000.0,252571.0,139519.875
2018-07-31,147000.0,140500.0,141000.0,144500.0,170296.0,142983.140625
2018-08-01,149000.0,145000.0,146500.0,145500.0,126748.0,143972.625
2018-08-02,146500.0,141500.0,145500.0,142500.0,136733.0,141004.125
2018-08-03,143500.0,142000.0,142500.0,143000.0,80136.0,141498.875
2018-08-06,145000.0,142500.0,142500.0,144500.0,90193.0,142983.140625
2018-08-07,144000.0,142000.0,143500.0,143500.0,78647.0,141993.625
2018-08-08,143500.0,140500.0,142500.0,142000.0,164582.0,140509.359375
2018-08-09,130500.0,122500.0,130000.0,126000.0,1245103.0,124677.3359375
2018-08-10,128500.0,125000.0,126500.0,127000.0,255849.0,125666.828125
2018-08-13,126000.0,122000.0,125000.0,122500.0,338008.0,121214.0703125
2018-08-14,126500.0,122500.0,123500.0,123500.0,203431.0,122203.5703125
2018-08-16,122000.0,113000.0,122000.0,116000.0,1068017.0,114782.3046875
2018-08-17,120000.0,117000.0,117000.0,119000.0,294794.0,117750.8046875
2018-08-20,120500.0,116500.0,120000.0,117000.0,394064.0,115771.8046875
2018-08-21,124500.0,118000.0,118500.0,123500.0,398822.0,122203.5703125
2018-08-22,123500.0,119500.0,123500.0,120000.0,185990.0,118740.3125
2018-08-23,124000.0,120000.0,120000.0,122500.0,191111.0,121214.0703125
2018-08-24,124000.0,120500.0,122000.0,123500.0,153723.0,122203.5703125
2018-08-27,127500.0,122500.0,125000.0,122500.0,214003.0,121214.0703125
2018-08-28,122500.0,118000.0,122000.0,118500.0,322096.0,117256.0625
2018-08-29,122000.0,118500.0,118500.0,120500.0,205291.0,119235.0703125
2018-08-30,121500.0,119000.0,121000.0,120000.0,148152.0,118740.3125
2018-08-31,118000.0,114500.0,117500.0,116500.0,437052.0,115277.0546875
2018-09-03,118000.0,114500.0,116000.0,116500.0,227605.0,115277.0546875
2018-09-04,119500.0,116000.0,117000.0,119000.0,271379.0,117750.8046875
2018-09-05,119000.0,115500.0,119000.0,116000.0,187190.0,114782.3046875
2018-09-06,116500.0,113500.0,116000.0,114000.0,249942.0,112803.296875
2018-09-07,117000.0,112000.0,115000.0,113000.0,438750.0,111813.796875
2018-09-10,114500.0,112500.0,112500.0,113500.0,174202.0,112308.546875
2018-09-11,114000.0,112000.0,113500.0,112500.0,140891.0,111319.0390625
2018-09-12,115000.0,111000.0,112500.0,115000.0,249953.0,113792.8046875
2018-09-13,117500.0,114000.0,115000.0,117000.0,266620.0,115771.8046875
2018-09-14,118000.0,115000.0,117500.0,116000.0,203328.0,114782.3046875
2018-09-17,116500.0,113000.0,115000.0,113500.0,178611.0,112308.546875
2018-09-18,113500.0,110000.0,113500.0,111000.0,293813.0,109834.7890625
2018-09-19,113500.0,110500.0,111500.0,112000.0,236437.0,110824.2890625
2018-09-20,118000.0,112500.0,112500.0,117500.0,664074.0,116266.5546875
2018-09-21,122000.0,116500.0,119000.0,119000.0,409214.0,117750.8046875
2018-09-27,121000.0,118000.0,119000.0,118500.0,207035.0,117256.0625
2018-09-28,119500.0,114500.0,118500.0,115000.0,278236.0,113792.8046875
2018-10-01,118000.0,114000.0,115000.0,116500.0,260431.0,115277.0546875
2018-10-02,122500.0,117000.0,117500.0,121000.0,675222.0,119729.8125
2018-10-04,122500.0,118500.0,122000.0,119500.0,358698.0,118245.5625
2018-10-05,120000.0,116000.0,119000.0,117500.0,305896.0,116266.5546875
2018-10-08,124500.0,120500.0,121000.0,122500.0,465353.0,121214.0703125
2018-10-10,126500.0,122500.0,123000.0,126000.0,628279.0,124677.3359375
2018-10-11,127000.0,120000.0,120500.0,126000.0,823236.0,124677.3359375
2018-10-12,126000.0,120000.0,126000.0,121000.0,453725.0,119729.8125
2018-10-15,121000.0,113500.0,120500.0,114000.0,455347.0,112803.296875
2018-10-16,117500.0,113000.0,113500.0,114500.0,273838.0,113298.046875
2018-10-17,117000.0,111000.0,115500.0,112000.0,338420.0,110824.2890625
2018-10-18,115500.0,112500.0,112500.0,114500.0,245678.0,113298.046875
2018-10-19,114000.0,111000.0,113000.0,114000.0,168500.0,112803.296875
2018-10-22,115000.0,112500.0,114000.0,114000.0,169660.0,112803.296875
2018-10-23,115000.0,112000.0,114000.0,112500.0,231814.0,111319.0390625
2018-10-24,114500.0,107000.0,114000.0,109000.0,288615.0,107855.78125
2018-10-25,111500.0,104000.0,106000.0,108500.0,322753.0,107361.03125
2018-10-26,109500.0,99200.0,109000.0,100000.0,437001.0,98950.2578125
2018-10-29,101000.0,90900.0,97300.0,91800.0,799904.0,90836.3359375
2018-10-30,108500.0,90300.0,91000.0,106500.0,1159588.0,105382.0234375
2018-10-31,112500.0,104000.0,107500.0,112000.0,550466.0,110824.2890625
2018-11-01,114000.0,109000.0,112500.0,109500.0,291210.0,108350.5390625
2018-11-02,116000.0,110000.0,110500.0,115000.0,301230.0,113792.8046875
2018-11-05,118000.0,112500.0,113500.0,117500.0,249663.0,116266.5546875
2018-11-06,119000.0,115000.0,118000.0,116000.0,186157.0,114782.3046875
2018-11-07,117000.0,113500.0,116500.0,114500.0,209062.0,113298.046875
2018-11-08,118000.0,116000.0,116500.0,116000.0,206230.0,114782.3046875
2018-11-09,120000.0,117000.0,119500.0,118500.0,303333.0,117256.0625
2018-11-12,126000.0,117500.0,118000.0,122500.0,445248.0,121214.0703125
2018-11-13,124500.0,120000.0,122000.0,123000.0,264908.0,121708.8203125
2018-11-14,127000.0,123000.0,123500.0,125000.0,265452.0,123687.828125
2018-11-15,127500.0,124000.0,126000.0,125500.0,144916.0,124182.578125
2018-11-16,126500.0,122000.0,125500.0,122500.0,222117.0,121214.0703125
2018-11-19,124500.0,121500.0,121500.0,123000.0,163891.0,121708.8203125
2018-11-20,124500.0,122000.0,122500.0,124000.0,153788.0,122698.328125
2018-11-21,123500.0,117500.0,123500.0,119500.0,298028.0,118245.5625
2018-11-22,123000.0,117500.0,119500.0,122000.0,159773.0,120719.3203125
2018-11-23,126500.0,122000.0,123000.0,123500.0,217497.0,122203.5703125
2018-11-26,125500.0,122500.0,124000.0,125000.0,156029.0,123687.828125
2018-11-27,126500.0,124500.0,125000.0,126000.0,184668.0,124677.3359375
2018-11-28,130000.0,125500.0,127000.0,129000.0,197228.0,127645.8359375
2018-11-29,133500.0,131000.0,131500.0,132500.0,296070.0,131109.09375
2018-11-30,133000.0,129000.0,132500.0,130500.0,332003.0,129130.09375
2018-12-03,131500.0,125000.0,131000.0,127000.0,441903.0,125666.828125
2018-12-04,128000.0,124500.0,126500.0,124500.0,296094.0,123193.0703125
2018-12-05,126500.0,123500.0,125000.0,125500.0,302915.0,124182.578125
2018-12-06,119500.0,109500.0,119000.0,110500.0,1579206.0,109340.0390625
2018-12-07,114500.0,111000.0,113000.0,112500.0,423257.0,111319.0390625
2018-12-10,110000.0,102500.0,109500.0,105500.0,779248.0,104392.5234375
2018-12-11,104500.0,100000.0,104000.0,103500.0,613311.0,102413.515625
2018-12-12,107000.0,102500.0,102500.0,105500.0,325466.0,104392.5234375
2018-12-13,111000.0,106000.0,106000.0,109000.0,700939.0,107855.78125
2018-12-14,109500.0,103500.0,109000.0,106000.0,425642.0,104887.28125
2018-12-17,108000.0,104500.0,106000.0,107500.0,200784.0,106371.53125
2018-12-18,108500.0,105000.0,106500.0,108500.0,184232.0,107361.03125
2018-12-19,112000.0,107500.0,108500.0,110500.0,213304.0,109340.0390625
2018-12-20,110500.0,108000.0,110000.0,109000.0,163422.0,107855.78125
2018-12-21,117000.0,108500.0,110000.0,114500.0,510705.0,113298.046875
2018-12-24,116000.0,113000.0,114500.0,114000.0,190788.0,112803.296875
2018-12-26,113500.0,109000.0,111000.0,110000.0,252426.0,108845.2890625
2018-12-27,115500.0,110500.0,111000.0,115000.0,250236.0,113792.8046875
2018-12-28,115500.0,111000.0,114500.0,111500.0,147134.0,110329.546875
2019-01-02,113500.0,105500.0,113500.0,106000.0,271562.0,104887.28125
2019-01-03,109000.0,104000.0,105500.0,104000.0,236841.0,102908.2734375
2019-01-04,109500.0,103000.0,103500.0,108500.0,218348.0,107361.03125
2019-01-07,111500.0,109000.0,109000.0,110500.0,154726.0,109340.0390625
2019-01-08,113500.0,109000.0,112000.0,109000.0,126350.0,107855.78125
2019-01-09,113000.0,109000.0,109500.0,112000.0,150310.0,110824.2890625
2019-01-10,119500.0,112000.0,112000.0,114000.0,316851.0,112803.296875
2019-01-11,117000.0,112000.0,113000.0,115500.0,179824.0,114287.546875
2019-01-14,116500.0,112000.0,114500.0,113000.0,134281.0,111813.796875
2019-01-15,113500.0,111500.0,113000.0,112000.0,111048.0,110824.2890625
2019-01-16,113500.0,109000.0,111000.0,109500.0,147350.0,108350.5390625
2019-01-17,111000.0,108500.0,109500.0,109500.0,185042.0,108350.5390625
2019-01-18,111000.0,105500.0,111000.0,106000.0,312789.0,104887.28125
2019-01-21,106500.0,103000.0,106000.0,103500.0,361789.0,102413.515625
2019-01-22,106500.0,102000.0,104000.0,106000.0,275732.0,104887.28125
2019-01-23,108500.0,105500.0,105500.0,107500.0,184452.0,106371.53125
2019-01-24,107500.0,105000.0,106500.0,106500.0,131913.0,105382.0234375
2019-01-25,113500.0,108000.0,108000.0,110000.0,360582.0,108845.2890625
2019-01-28,112500.0,109500.0,111500.0,111500.0,172596.0,110329.546875
2019-01-29,113500.0,110000.0,111500.0,110500.0,165637.0,109340.0390625
2019-01-30,112000.0,109500.0,110500.0,110000.0,250144.0,108845.2890625
2019-01-31,112000.0,106500.0,112000.0,107000.0,266698.0,105876.78125
2019-02-01,110000.0,107500.0,107500.0,109500.0,166109.0,108350.5390625
2019-02-07,110500.0,108000.0,110000.0,109500.0,123492.0,108350.5390625
2019-02-08,128000.0,112500.0,115000.0,119000.0,1354003.0,117750.8046875
2019-02-11,124500.0,117500.0,119000.0,119000.0,541698.0,117750.8046875
2019-02-12,119500.0,116500.0,119000.0,118000.0,217809.0,116761.3046875
2019-02-13,123500.0,116500.0,117500.0,123500.0,447866.0,122203.5703125
2019-02-14,124000.0,117000.0,118500.0,124000.0,459918.0,122698.328125
2019-02-15,123000.0,118500.0,121500.0,119000.0,221949.0,117750.8046875
2019-02-18,121500.0,117000.0,119000.0,119500.0,140160.0,118245.5625
2019-02-19,120500.0,108000.0,119500.0,117000.0,726269.0,115771.8046875
2019-02-20,118500.0,114000.0,116000.0,115000.0,256806.0,113792.8046875
2019-02-21,119500.0,115500.0,115500.0,118500.0,264047.0,117256.0625
2019-02-22,120500.0,116500.0,119000.0,118500.0,165340.0,117256.0625
2019-02-25,122000.0,117500.0,118500.0,121500.0,167349.0,120224.5703125
2019-02-26,123000.0,121000.0,121000.0,122000.0,170833.0,120719.3203125
2019-02-27,123000.0,120500.0,122000.0,122000.0,134672.0,120719.3203125
2019-02-28,120000.0,117000.0,119500.0,118000.0,228333.0,116761.3046875
2019-03-04,119000.0,115000.0,118000.0,115500.0,181551.0,114287.546875
2019-03-05,116500.0,111500.0,115500.0,112000.0,240465.0,110824.2890625
2019-03-06,114000.0,112000.0,112500.0,113000.0,134736.0,111813.796875
2019-03-07,114000.0,112000.0,114000.0,112500.0,96231.0,111319.0390625
2019-03-08,114000.0,112000.0,113000.0,113000.0,109035.0,111813.796875
2019-03-11,113500.0,112000.0,113500.0,113500.0,94465.0,112308.546875
2019-03-12,115000.0,113500.0,114000.0,114000.0,98278.0,112803.296875
2019-03-13,114500.0,111500.0,113500.0,114000.0,130370.0,112803.296875
2019-03-14,115500.0,114000.0,115000.0,115500.0,220885.0,114287.546875
2019-03-15,120000.0,115000.0,115500.0,120000.0,211681.0,118740.3125
2019-03-18,122000.0,119000.0,120500.0,120500.0,129947.0,119235.0703125
2019-03-19,121500.0,118000.0,121000.0,118500.0,84853.0,117256.0625
2019-03-20,118000.0,114000.0,117000.0,117500.0,139562.0,116266.5546875
2019-03-21,120000.0,115500.0,117000.0,115500.0,128292.0,114287.546875
2019-03-22,117500.0,114500.0,115500.0,115500.0,74808.0,114287.546875
2019-03-25,117000.0,114000.0,114000.0,115000.0,66003.0,113792.8046875
2019-03-26,121000.0,115500.0,116000.0,121000.0,296414.0,119729.8125
2019-03-27,122000.0,119000.0,121500.0,121000.0,159243.0,119729.8125
2019-03-28,130000.0,119000.0,120500.0,124500.0,567869.0,123193.0703125
2019-03-29,126000.0,123500.0,125000.0,125000.0,201459.0,123687.828125
2019-04-01,127000.0,123500.0,126000.0,123500.0,160664.0,122203.5703125
2019-04-02,125000.0,120000.0,123500.0,120500.0,171624.0,119235.0703125
2019-04-03,126500.0,122500.0,125000.0,125500.0,312809.0,124182.578125
2019-04-04,126500.0,124000.0,126000.0,124500.0,104300.0,123193.0703125
2019-04-05,126000.0,122500.0,126000.0,124000.0,98804.0,122698.328125
2019-04-08,126000.0,122500.0,126000.0,123500.0,103618.0,122203.5703125
2019-04-09,124500.0,121500.0,123500.0,123000.0,102691.0,121708.8203125
2019-04-10,128000.0,123500.0,123500.0,128000.0,287938.0,126656.328125
2019-04-11,130000.0,127500.0,128000.0,130000.0,288933.0,128635.3359375
2019-04-12,133000.0,130000.0,131000.0,132000.0,314942.0,130614.34375
2019-04-15,138000.0,133000.0,134500.0,134500.0,347649.0,133088.09375
2019-04-16,138000.0,134000.0,136000.0,136000.0,190618.0,134572.359375
2019-04-17,137500.0,133000.0,137000.0,135500.0,137448.0,134077.609375
2019-04-18,135000.0,132500.0,135000.0,132500.0,99576.0,131109.09375
2019-04-19,135500.0,132500.0,132500.0,133000.0,96400.0,131603.84375
2019-04-22,137500.0,133500.0,134000.0,136000.0,221337.0,134572.359375
2019-04-23,136500.0,129000.0,136500.0,130000.0,268321.0,128635.3359375
2019-04-24,131000.0,126500.0,130500.0,128000.0,239649.0,126656.328125
2019-04-25,128500.0,125000.0,128000.0,125500.0,125965.0,124182.578125
2019-04-26,127000.0,125000.0,125500.0,126000.0,118517.0,124677.3359375
2019-04-29,127500.0,124000.0,126000.0,127000.0,89570.0,125666.828125
2019-04-30,131000.0,126000.0,128000.0,127500.0,123064.0,126161.5859375
2019-05-02,128500.0,126000.0,126500.0,126000.0,97344.0,124677.3359375
2019-05-03,126500.0,122500.0,126000.0,122500.0,145048.0,121214.0703125
2019-05-07,124500.0,120000.0,120500.0,122000.0,161738.0,120719.3203125
2019-05-08,128000.0,120000.0,120000.0,126500.0,283696.0,125172.078125
2019-05-09,129000.0,123500.0,127500.0,123500.0,317101.0,122203.5703125
2019-05-10,131000.0,123500.0,124500.0,131000.0,377194.0,129624.84375
2019-05-13,135000.0,128500.0,132000.0,129000.0,326761.0,127645.8359375
2019-05-14,128000.0,121500.0,127000.0,123000.0,379799.0,121708.8203125
2019-05-15,121000.0,115500.0,121000.0,118000.0,467372.0,116761.3046875
2019-05-16,119500.0,115500.0,117500.0,118000.0,224703.0,116761.3046875
2019-05-17,121000.0,117000.0,119500.0,117500.0,161348.0,116266.5546875
2019-05-20,119500.0,114000.0,116500.0,114500.0,170305.0,113298.046875
2019-05-21,116500.0,112500.0,113500.0,114000.0,188028.0,112803.296875
2019-05-22,117000.0,114500.0,115000.0,115500.0,99493.0,114287.546875
2019-05-23,116000.0,110500.0,116000.0,112000.0,166215.0,110824.2890625
2019-05-24,115000.0,110500.0,111500.0,113500.0,177240.0,112308.546875
2019-05-27,112000.0,108000.0,111000.0,112000.0,183291.0,110824.2890625
2019-05-28,113500.0,110500.0,110500.0,112500.0,170652.0,111319.0390625
2019-05-29,113000.0,107000.0,113000.0,109500.0,275228.0,108350.5390625
2019-05-30,114000.0,109500.0,110000.0,113000.0,232450.0,111813.796875
2019-05-31,117500.0,113000.0,114000.0,114500.0,335364.0,113298.046875
2019-06-03,121000.0,114000.0,115500.0,120000.0,321145.0,118740.3125
2019-06-04,124500.0,118000.0,121500.0,123000.0,338228.0,121708.8203125
2019-06-05,127000.0,121500.0,125000.0,124000.0,278163.0,122698.328125
2019-06-07,124000.0,118500.0,124000.0,119000.0,385292.0,117750.8046875
2019-06-10,123500.0,119000.0,120000.0,122500.0,332187.0,121214.0703125
2019-06-11,123500.0,120500.0,123000.0,121000.0,153738.0,119729.8125
2019-06-12,124000.0,121500.0,122500.0,122000.0,318484.0,120719.3203125
2019-06-13,124000.0,121000.0,122000.0,121500.0,311542.0,120224.5703125
2019-06-14,130500.0,125500.0,127500.0,126500.0,597483.0,125172.078125
2019-06-17,129000.0,124500.0,127500.0,126500.0,253828.0,125172.078125
2019-06-18,129000.0,126000.0,128000.0,127000.0,292249.0,125666.828125
2019-06-19,128500.0,125500.0,127500.0,125500.0,277441.0,124182.578125
2019-06-20,126500.0,124500.0,126500.0,126000.0,214702.0,124677.3359375
2019-06-21,128000.0,124500.0,125500.0,126000.0,252825.0,124677.3359375
2019-06-24,130000.0,126500.0,127000.0,129500.0,273775.0,128140.59375
2019-06-25,131000.0,122000.0,131000.0,122500.0,507583.0,121214.0703125
2019-06-26,123000.0,117500.0,121000.0,121500.0,342126.0,120224.5703125
2019-06-27,126000.0,119000.0,124000.0,122500.0,498944.0,121214.0703125
2019-06-28,121000.0,112500.0,119500.0,113000.0,778528.0,111813.796875
2019-07-01,110000.0,100000.0,109500.0,100500.0,1322257.0,99445.015625
2019-07-02,102500.0,100000.0,102000.0,101500.0,627641.0,100434.515625
2019-07-03,102500.0,100000.0,101000.0,100000.0,590221.0,98950.2578125
2019-07-04,101500.0,95600.0,100500.0,96600.0,609373.0,95585.953125
2019-07-05,97700.0,95600.0,96600.0,96500.0,399957.0,95487.0
2019-07-08,97000.0,93600.0,96400.0,93600.0,342868.0,92617.4453125
2019-07-09,101500.0,94000.0,94000.0,98500.0,1049234.0,97466.0078125
2019-07-10,98700.0,94100.0,98500.0,94100.0,664558.0,93112.1953125
2019-07-11,98500.0,94700.0,94700.0,96500.0,658603.0,95487.0
2019-07-12,97800.0,95900.0,97100.0,96400.0,224922.0,95388.0546875
2019-07-15,97100.0,93600.0,96700.0,93800.0,365881.0,92815.34375
2019-07-16,93900.0,90700.0,93800.0,91700.0,686064.0,90737.390625
2019-07-17,92000.0,88600.0,91200.0,89500.0,672680.0,88560.484375
2019-07-18,92500.0,88900.0,89100.0,92100.0,382860.0,91133.1953125
2019-07-19,93100.0,90300.0,91600.0,92500.0,410428.0,91528.9921875
2019-07-22,92300.0,90500.0,92300.0,91000.0,211957.0,90044.734375
2019-07-23,92600.0,90100.0,90700.0,90900.0,360034.0,89945.7890625
2019-07-24,92000.0,90500.0,91100.0,91600.0,161846.0,90638.4375
2019-07-25,91800.0,90500.0,91600.0,91800.0,211277.0,90836.3359375
2019-07-26,92000.0,91000.0,91000.0,91600.0,135985.0,90638.4375
2019-07-29,92800.0,90500.0,91300.0,90600.0,170585.0,89648.9375
2019-07-30,91000.0,89500.0,90000.0,90600.0,101498.0,89648.9375
2019-07-31,91500.0,89900.0,89900.0,90800.0,128490.0,89846.8359375
2019-08-01,91200.0,90000.0,90100.0,90100.0,143466.0,89154.1875
2019-08-02,92100.0,89100.0,89500.0,90900.0,271998.0,89945.7890625
2019-08-05,91700.0,88000.0,90200.0,88300.0,347796.0,87373.078125
2019-08-06,89400.0,83500.0,85000.0,88100.0,390071.0,87175.1796875
2019-08-07,89100.0,87200.0,87700.0,88600.0,180314.0,87669.9375
2019-08-08,90900.0,89200.0,89600.0,89800.0,202785.0,88857.328125
2019-08-09,90600.0,89200.0,89600.0,90000.0,161744.0,89055.234375
2019-08-12,90400.0,88200.0,89200.0,90200.0,93062.0,89253.1328125
2019-08-13,88900.0,84200.0,88200.0,84600.0,737962.0,83711.921875
2019-08-14,91300.0,84700.0,84700.0,90700.0,460427.0,89747.890625
2019-08-16,91000.0,87900.0,88800.0,88400.0,231731.0,87472.03125
2019-08-19,89300.0,88500.0,89200.0,89000.0,143163.0,88065.7265625
2019-08-20,94000.0,88500.0,88500.0,93500.0,321647.0,92518.4921875
2019-08-21,94700.0,92400.0,93900.0,93100.0,172945.0,92122.6953125
2019-08-22,95800.0,93000.0,93000.0,94800.0,207883.0,93804.8515625
2019-08-23,95600.0,93500.0,94100.0,94200.0,114109.0,93211.1484375
2019-08-26,93000.0,91700.0,91900.0,92600.0,122911.0,91627.9375
2019-08-27,94100.0,92500.0,93000.0,92900.0,130973.0,91924.796875
2019-08-28,95400.0,93000.0,95400.0,93700.0,126370.0,92716.390625
2019-08-29,94700.0,92900.0,93100.0,94300.0,95270.0,93310.09375
2019-08-30,95700.0,94200.0,94500.0,94200.0,129984.0,93211.1484375
2019-09-02,95800.0,94300.0,94300.0,95100.0,106346.0,94101.6953125
2019-09-03,96100.0,94600.0,95000.0,95200.0,198087.0,94200.6484375
2019-09-04,97500.0,94400.0,95000.0,97400.0,179631.0,96377.5546875
2019-09-05,98000.0,96700.0,97000.0,96900.0,135290.0,95882.8046875
2019-09-06,97100.0,94400.0,96200.0,94900.0,116031.0,93903.796875
2019-09-09,97200.0,94600.0,94600.0,96400.0,107508.0,95388.0546875
2019-09-10,97100.0,95300.0,96500.0,95800.0,97110.0,94794.3515625
2019-09-11,98300.0,96300.0,96400.0,98300.0,250723.0,97268.109375
2019-09-16,99500.0,97300.0,98600.0,99000.0,118255.0,97960.7578125
2019-09-17,100000.0,98000.0,98700.0,99000.0,123790.0,97960.7578125
2019-09-18,100500.0,98200.0,99100.0,98200.0,150817.0,97169.15625
2019-09-19,98900.0,95500.0,98100.0,95700.0,161548.0,94695.3984375
2019-09-20,96100.0,93900.0,96000.0,95700.0,164971.0,94695.3984375
2019-09-23,98400.0,94500.0,95500.0,97900.0,98626.0,96872.3046875
2019-09-24,98700.0,97200.0,97900.0,98000.0,102858.0,96971.2578125
2019-09-25,98600.0,95000.0,98600.0,95100.0,200777.0,94101.6953125
2019-09-26,96500.0,94600.0,94600.0,95400.0,75974.0,94398.546875
2019-09-27,96600.0,93300.0,96600.0,94100.0,98908.0,93112.1953125
2019-09-30,95100.0,93300.0,94100.0,94500.0,115862.0,93507.9921875
2019-10-01,97000.0,92300.0,93800.0,96600.0,161705.0,95585.953125
2019-10-02,96800.0,92300.0,95600.0,92400.0,249884.0,91430.0390625
2019-10-04,92900.0,86800.0,91800.0,87400.0,385123.0,86482.53125
2019-10-07,95500.0,90300.0,92400.0,91600.0,466800.0,90638.4375
2019-10-08,95800.0,90800.0,92300.0,95700.0,264671.0,94695.3984375
2019-10-10,96700.0,94500.0,94600.0,96200.0,285631.0,95190.15625
2019-10-11,96400.0,91200.0,93500.0,92800.0,273552.0,91825.84375
2019-10-14,94700.0,91200.0,93000.0,92100.0,271333.0,91133.1953125
2019-10-15,93000.0,91700.0,92100.0,92200.0,152968.0,91232.140625
2019-10-16,92600.0,90300.0,92300.0,90400.0,186699.0,89451.03125
2019-10-17,91600.0,90500.0,90600.0,91400.0,140897.0,90440.5390625
2019-10-18,91700.0,89400.0,91600.0,89600.0,151474.0,88659.4296875
2019-10-21,91000.0,89600.0,89600.0,90400.0,80576.0,89451.03125
2019-10-22,90900.0,89500.0,90300.0,90200.0,149026.0,89253.1328125
2019-10-23,90300.0,88300.0,89700.0,88600.0,199147.0,87669.9375
2019-10-24,88500.0,86800.0,88200.0,87000.0,226512.0,86086.7265625
2019-10-25,87900.0,86800.0,86900.0,87500.0,206221.0,86581.4765625
2019-10-28,88200.0,86900.0,87700.0,87100.0,175680.0,86185.6796875
2019-10-29,87600.0,86300.0,87500.0,86400.0,210201.0,85493.03125
2019-10-30,92100.0,87000.0,92000.0,88000.0,1047811.0,87076.234375
2019-10-31,90900.0,87800.0,88900.0,89900.0,808062.0,88956.2890625
2019-11-01,90700.0,88300.0,89900.0,88900.0,215300.0,87966.78125
2019-11-04,92200.0,89500.0,90100.0,91800.0,255255.0,90836.3359375
2019-11-05,92200.0,91000.0,91900.0,91800.0,181049.0,90836.3359375
2019-11-06,95000.0,92000.0,92100.0,94100.0,452355.0,93112.1953125
2019-11-07,94500.0,92600.0,93600.0,92700.0,186927.0,91726.8984375
2019-11-08,94500.0,93000.0,93600.0,94000.0,155089.0,93013.2421875
2019-11-11,94300.0,91000.0,94100.0,91100.0,153208.0,90143.6875
2019-11-12,92700.0,90700.0,91400.0,92700.0,148173.0,91726.8984375
2019-11-13,91400.0,87500.0,90700.0,88800.0,403124.0,87867.8359375
2019-11-14,89900.0,88200.0,88900.0,88900.0,212049.0,87966.78125
2019-11-15,90700.0,88800.0,88900.0,90000.0,189156.0,89055.234375
2019-11-18,90700.0,89300.0,89800.0,90100.0,119238.0,89154.1875
2019-11-19,90300.0,87700.0,89200.0,87800.0,228342.0,86878.3359375
2019-11-20,88500.0,87100.0,87500.0,87800.0,172915.0,86878.3359375
2019-11-21,88400.0,86400.0,87700.0,87000.0,151003.0,86086.7265625
2019-11-22,88600.0,86500.0,86900.0,88200.0,104944.0,87274.1328125
2019-11-25,90000.0,88200.0,88200.0,89600.0,121708.0,88659.4296875
2019-11-26,90200.0,89200.0,89700.0,90200.0,175048.0,89253.1328125
2019-11-27,91000.0,89100.0,90900.0,89100.0,101393.0,88164.6796875
2019-11-28,90000.0,88600.0,88700.0,89000.0,72389.0,88065.7265625
2019-11-29,90100.0,87700.0,90000.0,88000.0,156529.0,87076.234375
2019-12-02,90200.0,87900.0,87900.0,89400.0,104221.0,88461.53125
2019-12-03,89100.0,87500.0,89100.0,88700.0,95501.0,87768.8828125
2019-12-04,88800.0,87400.0,87400.0,88700.0,96365.0,87768.8828125
2019-12-05,88700.0,86500.0,88100.0,86800.0,120249.0,85888.828125
2019-12-06,88300.0,86400.0,86400.0,87900.0,66904.0,86977.28125
2019-12-09,88200.0,86500.0,88100.0,86500.0,107332.0,85591.9765625
2019-12-10,87300.0,86300.0,86500.0,87200.0,77884.0,86284.6328125
2019-12-11,88400.0,86700.0,87500.0,88300.0,104365.0,87373.078125
2019-12-12,89200.0,88400.0,88700.0,89200.0,287930.0,88263.6328125
2019-12-13,90400.0,89400.0,89400.0,90300.0,135467.0,89352.0859375
2019-12-16,91000.0,90000.0,90300.0,90500.0,116029.0,89549.984375
2019-12-17,90800.0,88800.0,89200.0,90700.0,138703.0,89747.890625
2019-12-18,91100.0,89800.0,89900.0,90100.0,103557.0,89154.1875
2019-12-19,90800.0,88800.0,90000.0,89300.0,113711.0,88362.5859375
2019-12-20,91000.0,88800.0,89800.0,89200.0,148968.0,88263.6328125
2019-12-23,91900.0,89900.0,90500.0,91900.0,243057.0,90935.2890625
2019-12-24,92900.0,91400.0,92200.0,91700.0,122736.0,90737.390625
2019-12-26,92500.0,89800.0,92500.0,90400.0,136918.0,89451.03125
2019-12-27,91300.0,89200.0,89600.0,90200.0,160256.0,89253.1328125
2019-12-30,92700.0,90500.0,90600.0,92400.0,171933.0,91430.0390625
2020-01-02,92400.0,90300.0,92200.0,90300.0,150304.0,89352.0859375
2020-01-03,92200.0,90300.0,91500.0,90600.0,157973.0,89648.9375
2020-01-06,90100.0,87700.0,89700.0,87800.0,200760.0,86878.3359375
2020-01-07,89500.0,87900.0,87900.0,89100.0,97663.0,88164.6796875
2020-01-08,88300.0,86200.0,87700.0,87300.0,218616.0,86383.578125
2020-01-09,89000.0,87400.0,87500.0,89000.0,184099.0,88065.7265625
2020-01-10,90800.0,88300.0,88400.0,89700.0,159126.0,88758.3828125
2020-01-13,97000.0,89800.0,90000.0,96500.0,571447.0,95487.0
2020-01-14,101000.0,96300.0,98200.0,98300.0,486097.0,97268.109375
2020-01-15,99700.0,97700.0,97700.0,98900.0,169884.0,97861.8125
2020-01-16,98900.0,97300.0,98800.0,98100.0,133887.0,97070.203125
2020-01-17,98300.0,95000.0,98000.0,95200.0,223712.0,94200.6484375
2020-01-20,96100.0,94400.0,95400.0,94600.0,166563.0,93606.9453125
2020-01-21,95100.0,93200.0,94400.0,93600.0,151849.0,92617.4453125
2020-01-22,94800.0,93000.0,93000.0,94100.0,150127.0,93112.1953125
2020-01-23,97300.0,92500.0,93300.0,96400.0,319617.0,95388.0546875
2020-01-28,95300.0,91200.0,93900.0,91900.0,242539.0,90935.2890625
2020-01-29,92300.0,90500.0,91500.0,91100.0,213910.0,90143.6875
2020-01-30,91900.0,88500.0,91100.0,88900.0,263879.0,87966.78125
2020-01-31,93300.0,88100.0,89000.0,89600.0,429661.0,88659.4296875
2020-02-03,92300.0,89600.0,89600.0,90700.0,284650.0,89747.890625
2020-02-04,92400.0,90000.0,90900.0,91900.0,215829.0,90935.2890625
2020-02-05,92100.0,90500.0,92000.0,90600.0,208973.0,89648.9375
2020-02-06,94900.0,91200.0,91700.0,94400.0,255725.0,93409.046875
2020-02-07,95600.0,93000.0,94100.0,93500.0,193643.0,92518.4921875
2020-02-10,94100.0,91800.0,92900.0,93900.0,133222.0,92914.2890625
2020-02-11,94900.0,93700.0,93900.0,94100.0,135011.0,93112.1953125
2020-02-12,94900.0,93000.0,93100.0,94900.0,160053.0,93903.796875
2020-02-13,95400.0,93200.0,94900.0,93400.0,252523.0,92419.546875
2020-02-14,98400.0,92200.0,93000.0,97700.0,540815.0,96674.40625
2020-02-17,99700.0,94400.0,99600.0,95700.0,502970.0,94695.3984375
2020-02-18,96800.0,94200.0,96100.0,94500.0,217957.0,93507.9921875
2020-02-19,95600.0,92000.0,95400.0,94300.0,231965.0,93310.09375
2020-02-20,94400.0,92800.0,93300.0,93100.0,209334.0,92122.6953125
2020-02-21,94300.0,92000.0,92300.0,92300.0,174947.0,91331.09375
2020-02-24,93700.0,90100.0,91100.0,90300.0,280824.0,89352.0859375
2020-02-25,93200.0,90100.0,90900.0,92100.0,240443.0,91133.1953125
2020-02-26,92200.0,90500.0,91000.0,91100.0,198622.0,90143.6875
2020-02-27,91600.0,88700.0,90500.0,89500.0,206632.0,88560.484375
2020-02-28,88900.0,87400.0,88200.0,88600.0,300929.0,87669.9375
2020-03-02,89600.0,86600.0,89000.0,88300.0,241318.0,87373.078125
2020-03-03,90600.0,87600.0,89900.0,88000.0,210329.0,87076.234375
2020-03-04,94500.0,88400.0,88700.0,94300.0,453992.0,93310.09375
2020-03-05,96500.0,94300.0,95000.0,96300.0,358464.0,95289.1015625
2020-03-06,95900.0,92000.0,95300.0,92500.0,280031.0,91528.9921875
2020-03-09,92500.0,92500.0,92500.0,92500.0,0.0,91528.9921875
2020-03-10,91000.0,87500.0,88400.0,90900.0,292412.0,89945.7890625
2020-03-11,91400.0,87900.0,90700.0,88600.0,255600.0,87669.9375
2020-03-12,88600.0,88600.0,88600.0,88600.0,0.0,87669.9375
2020-03-13,94800.0,80000.0,82000.0,91800.0,892080.0,90836.3359375
2020-03-16,95000.0,89300.0,93000.0,91400.0,430767.0,90440.5390625
2020-03-17,94500.0,88000.0,88000.0,94300.0,423552.0,93310.09375
2020-03-18,94300.0,89700.0,93400.0,89700.0,346239.0,88758.3828125
2020-03-19,93200.0,88900.0,92000.0,90700.0,617969.0,89747.890625
2020-03-20,93500.0,89900.0,91300.0,93500.0,514529.0,92518.4921875
2020-03-23,93400.0,90000.0,90300.0,91900.0,422115.0,90935.2890625
2020-03-24,94600.0,91700.0,92100.0,94400.0,533904.0,93409.046875
2020-03-25,96900.0,92900.0,96200.0,95200.0,648733.0,94200.6484375
2020-03-26,95900.0,93200.0,94500.0,93500.0,474626.0,92518.4921875
2020-03-27,95700.0,92100.0,95200.0,93800.0,431391.0,92815.34375
2020-03-30,93900.0,91800.0,92900.0,93500.0,261773.0,92518.4921875
2020-03-31,93900.0,91800.0,92700.0,93200.0,417503.0,92221.640625
2020-04-01,100500.0,92200.0,92300.0,93800.0,1300326.0,92815.34375
2020-04-02,97600.0,93400.0,96000.0,96600.0,515146.0,95585.953125
2020-04-03,96700.0,94000.0,96000.0,94700.0,322239.0,93705.890625
2020-04-06,97800.0,94900.0,95200.0,96800.0,380797.0,95783.8515625
2020-04-07,97800.0,95300.0,97600.0,97300.0,409542.0,96278.6015625
2020-04-08,99100.0,96500.0,97400.0,96800.0,461738.0,95783.8515625
2020-04-09,98300.0,95500.0,98100.0,96500.0,366550.0,95487.0
2020-04-10,96500.0,93200.0,96500.0,95000.0,321841.0,94002.75
2020-04-13,96500.0,94600.0,95100.0,95000.0,228372.0,94002.75
2020-04-14,95800.0,94500.0,95600.0,95200.0,195917.0,94200.6484375
2020-04-16,96700.0,93600.0,94300.0,96200.0,385133.0,95190.15625
2020-04-17,97200.0,95700.0,96900.0,96400.0,325756.0,95388.0546875
2020-04-20,96000.0,94000.0,95700.0,94300.0,330084.0,93310.09375
2020-04-21,94800.0,90500.0,93500.0,92500.0,414994.0,91528.9921875
2020-04-22,92400.0,90400.0,92400.0,91500.0,242656.0,90539.4921875
2020-04-23,92800.0,91100.0,91500.0,92700.0,249135.0,91726.8984375
2020-04-24,92500.0,90500.0,92400.0,90900.0,240492.0,89945.7890625
2020-04-27,92400.0,91000.0,91500.0,92400.0,529690.0,91430.0390625
2020-04-28,95900.0,92100.0,93100.0,95300.0,561560.0,94299.59375
2020-04-29,97800.0,95100.0,97300.0,95500.0,425067.0,94497.5
2020-05-04,94000.0,92300.0,92700.0,92500.0,262783.0,91528.9921875
2020-05-06,96500.0,93200.0,94000.0,96200.0,325862.0,95190.15625
2020-05-07,99000.0,95800.0,96200.0,98400.0,486776.0,97367.0546875
2020-05-08,100500.0,97500.0,99500.0,97800.0,386594.0,96773.359375
2020-05-11,101500.0,97700.0,98500.0,100000.0,590268.0,98950.2578125
2020-05-12,107500.0,100500.0,101000.0,105500.0,1060894.0,104392.5234375
2020-05-13,106000.0,102000.0,105000.0,104000.0,647584.0,102908.2734375
2020-05-14,98000.0,94500.0,97100.0,94700.0,1205146.0,93705.890625
2020-05-15,95400.0,92700.0,94700.0,93900.0,412711.0,92914.2890625
2020-05-18,95300.0,93200.0,94200.0,94500.0,236785.0,93507.9921875
2020-05-19,95800.0,94500.0,94700.0,95700.0,303228.0,94695.3984375
2020-05-20,95900.0,94700.0,95700.0,95600.0,180295.0,94596.453125
2020-05-21,96000.0,94600.0,95100.0,95200.0,236135.0,94200.6484375
2020-05-22,95900.0,93600.0,95900.0,94300.0,188008.0,93310.09375
2020-05-25,97000.0,94500.0,94900.0,96800.0,310578.0,95783.8515625
2020-05-26,98600.0,96300.0,97400.0,97300.0,350651.0,96278.6015625
2020-05-27,98900.0,97300.0,98300.0,98600.0,371458.0,97564.953125
2020-05-28,98500.0,94300.0,98000.0,94800.0,423947.0,93804.8515625
2020-05-29,96500.0,92300.0,95900.0,92300.0,717913.0,91331.09375
2020-06-01,95600.0,93100.0,93300.0,95500.0,296795.0,94497.5
2020-06-02,96200.0,94700.0,94800.0,95400.0,245686.0,94398.546875
2020-06-03,97400.0,95800.0,96000.0,97000.0,385618.0,95981.7578125
2020-06-04,98000.0,95800.0,97000.0,95900.0,376988.0,94893.296875
2020-06-05,97300.0,94900.0,96000.0,97000.0,274023.0,95981.7578125
2020-06-08,101500.0,98100.0,98500.0,98500.0,745551.0,97466.0078125
2020-06-09,99300.0,96900.0,98700.0,97800.0,362537.0,96773.359375
2020-06-10,99400.0,97400.0,97900.0,97500.0,297508.0,96476.5078125
2020-06-11,99300.0,96600.0,97100.0,97700.0,420058.0,96674.40625
2020-06-12,96000.0,94200.0,94200.0,95500.0,295562.0,94497.5
2020-06-15,97200.0,92600.0,94600.0,92600.0,425093.0,91627.9375
2020-06-16,96900.0,94200.0,94300.0,96900.0,309927.0,95882.8046875
2020-06-17,98700.0,96300.0,96900.0,97700.0,367286.0,96674.40625
2020-06-18,98600.0,96800.0,97500.0,97200.0,256934.0,96179.65625
2020-06-19,98000.0,95500.0,98000.0,97200.0,283902.0,96179.65625
2020-06-22,97400.0,95600.0,96500.0,95600.0,191807.0,94596.453125
2020-06-23,103000.0,95800.0,96200.0,101500.0,1064185.0,100434.515625
2020-06-24,104000.0,99100.0,103500.0,101000.0,579879.0,99939.765625
2020-06-25,100500.0,97300.0,99200.0,97400.0,422995.0,96377.5546875
2020-06-26,98300.0,96200.0,98000.0,97500.0,240218.0,96476.5078125
2020-06-29,97500.0,94600.0,96500.0,95200.0,269647.0,94200.6484375
2020-06-30,103000.0,95800.0,96100.0,100500.0,724776.0,99445.015625
2020-07-01,101000.0,97100.0,100500.0,97100.0,307952.0,96080.703125
2020-07-02,107500.0,97800.0,98200.0,106000.0,1403159.0,104887.28125
2020-07-03,109000.0,103500.0,106500.0,106500.0,563824.0,105382.0234375
2020-07-06,119000.0,108000.0,108000.0,116500.0,2030908.0,115277.0546875
2020-07-07,124500.0,114000.0,117500.0,123000.0,1525070.0,121708.8203125
2020-07-08,127000.0,121000.0,125500.0,124500.0,876968.0,123193.0703125
2020-07-09,130000.0,122000.0,124000.0,125500.0,833585.0,124182.578125
2020-07-10,131000.0,125000.0,125500.0,127500.0,749864.0,126161.5859375
2020-07-13,135000.0,128000.0,131000.0,133500.0,739238.0,132098.609375
2020-07-14,137000.0,130500.0,131500.0,135000.0,830489.0,133582.84375
2020-07-15,135000.0,125500.0,133500.0,126500.0,911921.0,125172.078125
2020-07-16,128500.0,122000.0,125000.0,124000.0,516751.0,122698.328125
2020-07-17,129500.0,125000.0,126000.0,126500.0,380622.0,125172.078125
2020-07-20,131000.0,126000.0,126500.0,129500.0,459752.0,128140.59375
2020-07-21,132000.0,128000.0,129000.0,129000.0,325886.0,127645.8359375
2020-07-22,129000.0,122000.0,129000.0,126000.0,588801.0,124677.3359375
2020-07-23,128000.0,123000.0,125000.0,125500.0,330236.0,124182.578125
2020-07-24,126500.0,124000.0,126000.0,124500.0,292579.0,123193.0703125
2020-07-27,127500.0,124000.0,124500.0,125500.0,285125.0,124182.578125
2020-07-28,131500.0,125500.0,126500.0,127500.0,594652.0,126161.5859375
2020-07-29,130500.0,125000.0,126500.0,130500.0,386356.0,129130.09375
2020-07-30,133500.0,125000.0,133000.0,125500.0,869417.0,124182.578125
2020-07-31,128500.0,122500.0,123000.0,128000.0,384485.0,126656.328125
2020-08-03,129500.0,124500.0,128000.0,127500.0,363435.0,126161.5859375
2020-08-04,133500.0,129000.0,129000.0,132500.0,460498.0,131109.09375
2020-08-05,137000.0,131000.0,134000.0,136000.0,469039.0,134572.359375
2020-08-06,140000.0,135000.0,138000.0,140000.0,484739.0,138530.375
2020-08-07,155500.0,143000.0,143500.0,151000.0,1548323.0,149414.890625
2020-08-10,160000.0,150000.0,156500.0,155000.0,1107751.0,153372.90625
2020-08-11,154000.0,148000.0,151500.0,150000.0,662236.0,148425.390625
2020-08-12,152500.0,146000.0,148500.0,149500.0,613777.0,147930.640625
2020-08-13,157000.0,146500.0,156000.0,149500.0,920922.0,147930.640625
2020-08-14,150000.0,143000.0,150000.0,145500.0,476480.0,143972.625
2020-08-18,153000.0,145500.0,147500.0,148500.0,708632.0,146941.125
2020-08-19,154000.0,148500.0,152000.0,154000.0,500380.0,152383.40625
2020-08-20,155000.0,147500.0,153000.0,148000.0,527406.0,146446.390625
2020-08-21,150500.0,146500.0,150000.0,148000.0,346529.0,146446.390625
2020-08-24,153000.0,148000.0,149500.0,152000.0,385524.0,150404.40625
2020-08-25,153500.0,149500.0,153500.0,151000.0,318266.0,149414.890625
2020-08-26,152000.0,148500.0,150500.0,150000.0,323248.0,148425.390625
2020-08-27,155000.0,148500.0,149500.0,150500.0,594484.0,148920.140625
2020-08-28,154500.0,150500.0,154000.0,152500.0,415107.0,150899.140625
2020-08-31,168500.0,153500.0,154000.0,166500.0,1798138.0,164752.171875
2020-09-01,179500.0,160000.0,177500.0,162500.0,1795522.0,160794.1875
2020-09-02,173000.0,164500.0,165000.0,173000.0,1202889.0,171183.953125
2020-09-03,202000.0,176000.0,181500.0,194500.0,4764031.0,192458.265625
2020-09-04,200000.0,188000.0,188500.0,197500.0,2571667.0,195426.765625
2020-09-07,204500.0,193000.0,204000.0,193500.0,1160050.0,191468.75
2020-09-08,197000.0,188500.0,193500.0,193000.0,831827.0,190974.0
2020-09-09,194500.0,188500.0,190000.0,189000.0,777175.0,187015.984375
2020-09-10,195000.0,181000.0,195000.0,187000.0,1339368.0,185036.984375
2020-09-11,188500.0,182000.0,185500.0,183500.0,528319.0,181573.734375
2020-09-14,184000.0,176500.0,183500.0,181500.0,684796.0,179594.71875
2020-09-15,186500.0,178000.0,179000.0,184500.0,548135.0,182563.21875
2020-09-16,187000.0,182000.0,184500.0,182500.0,325331.0,180584.21875
2020-09-17,184000.0,179500.0,180500.0,180500.0,410928.0,178605.234375
2020-09-18,189000.0,181000.0,182000.0,186000.0,689778.0,184047.484375
2020-09-21,191000.0,185500.0,188500.0,188000.0,505537.0,186026.484375
2020-09-22,190000.0,180000.0,188000.0,181000.0,626845.0,179099.96875
2020-09-23,184000.0,167500.0,183000.0,174500.0,904823.0,172668.203125
2020-09-24,178000.0,166000.0,174000.0,167500.0,905067.0,165741.6875
2020-09-25,170500.0,160000.0,168500.0,166000.0,702880.0,164257.4375
2020-09-28,170000.0,162000.0,170000.0,167000.0,631876.0,165246.9375
2020-09-29,171000.0,163000.0,170500.0,166000.0,533354.0,164257.4375
2020-10-05,169500.0,162500.0,168000.0,163500.0,429111.0,161783.671875
2020-10-06,163500.0,155000.0,161000.0,160000.0,1105858.0,158320.40625
2020-10-07,162500.0,156500.0,158000.0,161000.0,545160.0,159309.921875
2020-10-08,163000.0,156500.0,161500.0,158000.0,648894.0,156341.421875
2020-10-12,159000.0,151500.0,158500.0,153000.0,766052.0,151393.890625
2020-10-13,156000.0,148500.0,154000.0,153500.0,797497.0,151888.65625
2020-10-14,153000.0,149500.0,152500.0,152000.0,480331.0,150404.40625
2020-10-15,154500.0,135000.0,154500.0,137000.0,1995819.0,135561.859375
2020-10-16,140500.0,134000.0,136000.0,136500.0,939361.0,135067.109375
2020-10-19,137500.0,133000.0,136000.0,133000.0,562067.0,131603.84375
2020-10-20,136000.0,130500.0,132500.0,135500.0,529898.0,134077.609375
2020-10-21,136500.0,131000.0,135500.0,133000.0,387195.0,131603.84375
2020-10-22,132000.0,127000.0,132000.0,127500.0,563312.0,126161.5859375
2020-10-23,130000.0,126500.0,128000.0,127000.0,304384.0,125666.828125
2020-10-26,126500.0,121000.0,126000.0,121500.0,448855.0,120224.5703125
2020-10-27,124500.0,120000.0,120000.0,122500.0,380980.0,121214.0703125
2020-10-28,126500.0,121500.0,122000.0,126000.0,293576.0,124677.3359375
2020-10-29,124500.0,121000.0,123500.0,123500.0,300676.0,122203.5703125
2020-10-30,122500.0,116500.0,122500.0,117000.0,442160.0,115771.8046875
2020-11-02,122500.0,116500.0,117000.0,121000.0,317711.0,119729.8125
2020-11-03,124000.0,121500.0,121500.0,122000.0,217192.0,120719.3203125
2020-11-04,125500.0,122000.0,124000.0,124000.0,348794.0,122698.328125
2020-11-05,129000.0,124000.0,125000.0,126000.0,479470.0,124677.3359375
2020-11-06,128000.0,125000.0,126500.0,126500.0,310401.0,125172.078125
2020-11-09,131500.0,127000.0,128500.0,129000.0,390032.0,127645.8359375
2020-11-10,127500.0,123500.0,126000.0,125500.0,372072.0,124182.578125
2020-11-11,130000.0,121000.0,124500.0,129500.0,591124.0,128140.59375
2020-11-12,132500.0,126000.0,129500.0,126000.0,621015.0,124677.3359375
2020-11-13,127500.0,123500.0,124500.0,126000.0,254669.0,124677.3359375
2020-11-16,127500.0,125000.0,126000.0,125500.0,266620.0,124182.578125
2020-11-17,128000.0,123000.0,125000.0,127000.0,335548.0,125666.828125
2020-11-18,131500.0,127500.0,128000.0,129000.0,432735.0,127645.8359375
2020-11-19,130500.0,127000.0,129500.0,129500.0,277320.0,128140.59375
2020-11-20,131500.0,128500.0,129500.0,130500.0,263688.0,129130.09375
2020-11-23,135000.0,130500.0,134000.0,131000.0,415434.0,129624.84375
2020-11-24,130500.0,127000.0,130000.0,127500.0,389542.0,126161.5859375
2020-11-25,128500.0,125500.0,128000.0,125500.0,357331.0,124182.578125
2020-11-26,126500.0,124000.0,125000.0,126000.0,186701.0,124677.3359375
2020-11-27,130500.0,125500.0,125500.0,128500.0,302689.0,127151.0859375
2020-11-30,128500.0,125000.0,128500.0,125000.0,402064.0,123687.828125
2020-12-01,127500.0,125500.0,126500.0,125500.0,212888.0,124182.578125
2020-12-02,127000.0,125000.0,126000.0,125500.0,242458.0,124182.578125
2020-12-03,134000.0,129000.0,132000.0,130000.0,929592.0,128635.3359375
2020-12-04,134000.0,131000.0,133000.0,132000.0,585657.0,130614.34375
2020-12-07,131500.0,128000.0,131000.0,129500.0,321251.0,128140.59375
2020-12-08,130000.0,128000.0,129500.0,128000.0,223528.0,126656.328125
2020-12-09,129500.0,126500.0,128500.0,128000.0,253576.0,126656.328125
2020-12-10,130000.0,126500.0,128500.0,128000.0,429705.0,126656.328125
2020-12-11,130500.0,128000.0,128500.0,128500.0,276177.0,127151.0859375
2020-12-14,129000.0,126500.0,129000.0,126500.0,217110.0,125172.078125
2020-12-15,127500.0,125000.0,127000.0,127000.0,224131.0,125666.828125
2020-12-16,128000.0,126500.0,127500.0,127000.0,183083.0,125666.828125
2020-12-17,127500.0,125500.0,127000.0,126500.0,211466.0,125172.078125
2020-12-18,127000.0,125000.0,126500.0,125500.0,226805.0,124182.578125
2020-12-21,126000.0,123500.0,126000.0,124500.0,243962.0,123193.0703125
2020-12-22,124000.0,122500.0,123500.0,122500.0,227472.0,121214.0703125
2020-12-23,126000.0,122500.0,122500.0,124000.0,264262.0,122698.328125
2020-12-24,125000.0,122500.0,124000.0,125000.0,215286.0,123687.828125
2020-12-28,125000.0,122500.0,124500.0,124500.0,292295.0,123193.0703125
2020-12-29,127000.0,123000.0,123500.0,126000.0,258021.0,125450.1796875
2020-12-30,132000.0,125500.0,126500.0,131500.0,584685.0,130926.1796875
2021-01-04,132500.0,128500.0,132000.0,131000.0,448819.0,130428.359375
2021-01-05,132500.0,128500.0,129500.0,132500.0,438454.0,131921.8125
2021-01-06,135000.0,129500.0,134000.0,129500.0,589459.0,128934.90625
2021-01-07,131500.0,129500.0,130500.0,129500.0,352928.0,128934.90625
2021-01-08,136500.0,129500.0,131000.0,134000.0,1143219.0,133415.265625
2021-01-11,135000.0,125000.0,134500.0,127000.0,1242320.0,126445.8125
2021-01-12,127000.0,123000.0,126500.0,125000.0,534016.0,124454.546875
2021-01-13,128500.0,124500.0,125500.0,127000.0,428076.0,126445.8125
2021-01-14,129000.0,126000.0,126500.0,126500.0,331250.0,125948.0
2021-01-15,130000.0,124000.0,128000.0,124000.0,448770.0,123458.90625
2021-01-18,124000.0,120000.0,123500.0,120500.0,408961.0,119974.1796875
2021-01-19,122000.0,118500.0,121500.0,120500.0,420523.0,119974.1796875
2021-01-20,121000.0,119000.0,120500.0,121000.0,359759.0,120472.0
2021-01-21,123500.0,120000.0,121500.0,121000.0,346636.0,120472.0
2021-01-22,128500.0,120500.0,121000.0,127000.0,888658.0,126445.8125
2021-01-25,133000.0,127500.0,128000.0,130000.0,1010911.0,129432.7265625
2021-01-26,129500.0,126000.0,129500.0,127500.0,522203.0,126943.6328125
2021-01-27,131500.0,127500.0,128500.0,131000.0,599445.0,130428.359375
2021-01-28,136000.0,128000.0,129000.0,135000.0,1164296.0,134410.90625
2021-01-29,138000.0,130000.0,136500.0,131500.0,1117823.0,130926.1796875
2021-02-01,140000.0,131000.0,133500.0,139500.0,1056831.0,138891.265625
2021-02-02,147500.0,138000.0,140000.0,142500.0,1421778.0,141878.171875
2021-02-03,148500.0,143000.0,144000.0,145500.0,836459.0,144865.09375
2021-02-04,144000.0,137000.0,144000.0,138000.0,820392.0,137397.8125
2021-02-05,140000.0,133500.0,138500.0,138500.0,438903.0,137895.640625
2021-02-08,141500.0,136500.0,139000.0,137500.0,400677.0,136900.0
2021-02-09,139500.0,135500.0,138000.0,136500.0,265078.0,135904.359375
2021-02-10,141000.0,137000.0,137000.0,138000.0,400679.0,137397.8125
2021-02-15,140000.0,134000.0,139500.0,134500.0,431777.0,133913.09375
2021-02-16,138000.0,133500.0,135000.0,136000.0,348058.0,135406.546875
2021-02-17,136000.0,132000.0,135500.0,133000.0,292382.0,132419.640625
2021-02-18,133500.0,130000.0,132500.0,130000.0,244227.0,129432.7265625
2021-02-19,133000.0,128000.0,130000.0,131000.0,275175.0,130428.359375
2021-02-22,131500.0,126000.0,131000.0,127000.0,309374.0,126445.8125
2021-02-23,128000.0,124000.0,127000.0,125500.0,253980.0,124952.359375
2021-02-24,128500.0,122000.0,125500.0,123500.0,297041.0,122961.0859375
2021-02-25,130000.0,123000.0,124500.0,130000.0,363011.0,129432.7265625
2021-02-26,127000.0,122500.0,126500.0,123500.0,396171.0,122961.0859375
2021-03-02,126500.0,123000.0,126500.0,123500.0,262577.0,122961.0859375
2021-03-03,127000.0,122500.0,122500.0,126500.0,181042.0,125948.0
2021-03-04,125000.0,122500.0,123500.0,125000.0,200804.0,124454.546875
2021-03-05,123500.0,120500.0,123000.0,122500.0,193535.0,121965.453125
2021-03-08,123500.0,120000.0,123000.0,121000.0,185587.0,120472.0
2021-03-09,122000.0,117000.0,121000.0,119000.0,261815.0,118480.7265625
2021-03-10,121000.0,117500.0,121000.0,118500.0,156759.0,117982.90625
2021-03-11,121500.0,118500.0,119000.0,120000.0,251264.0,119476.359375
2021-03-12,123000.0,121000.0,121500.0,122500.0,120592.0,121965.453125
2021-03-15,122500.0,120500.0,122000.0,120500.0,125560.0,119974.1796875
2021-03-16,123500.0,120500.0,121000.0,122000.0,156957.0,121467.6328125
2021-03-17,124500.0,122500.0,122500.0,123500.0,185669.0,122961.0859375
2021-03-18,125500.0,122500.0,124000.0,122500.0,169417.0,121965.453125
2021-03-19,123500.0,120500.0,121000.0,121000.0,207125.0,120472.0
2021-03-22,123000.0,120500.0,121500.0,122500.0,172063.0,121965.453125
2021-03-23,127500.0,122500.0,123500.0,125500.0,367474.0,124952.359375
2021-03-24,126500.0,123000.0,126000.0,124000.0,188409.0,123458.90625
2021-03-25,126500.0,123500.0,123500.0,126000.0,217947.0,125450.1796875
2021-03-26,127000.0,124500.0,125500.0,126000.0,169543.0,125450.1796875
2021-03-29,126000.0,124000.0,126000.0,124000.0,166435.0,123458.90625
2021-03-30,128500.0,123500.0,124000.0,127000.0,260811.0,126445.8125
2021-03-31,129000.0,126500.0,127500.0,129000.0,199833.0,128437.0859375
2021-04-01,129000.0,124500.0,129000.0,125500.0,275069.0,124952.359375
2021-04-02,128000.0,125500.0,125500.0,127000.0,149213.0,126445.8125
2021-04-05,131500.0,127000.0,128500.0,131000.0,326986.0,130428.359375
2021-04-06,131500.0,128500.0,131500.0,129500.0,170513.0,128934.90625
2021-04-07,129500.0,127500.0,129500.0,128500.0,161167.0,127939.2734375
2021-04-08,130000.0,127000.0,128000.0,128000.0,190005.0,127441.453125
2021-04-09,133000.0,127000.0,127500.0,131500.0,345643.0,130926.1796875
2021-04-12,140000.0,132000.0,133000.0,140000.0,941931.0,139389.09375
2021-04-13,140500.0,136500.0,140500.0,138500.0,444932.0,137895.640625
2021-04-14,144000.0,140000.0,141000.0,141500.0,621442.0,140882.546875
2021-04-15,144000.0,138500.0,144000.0,141000.0,390405.0,140384.71875
2021-04-16,147500.0,142500.0,144000.0,146000.0,814441.0,145362.90625
2021-04-19,151000.0,143500.0,147000.0,143500.0,609663.0,142873.8125
2021-04-20,147500.0,144000.0,144500.0,147500.0,284111.0,146856.359375
2021-04-21,147000.0,144000.0,147000.0,145500.0,333753.0,144865.09375
2021-04-22,145000.0,139500.0,145000.0,141000.0,562426.0,140384.71875
2021-04-23,142000.0,137500.0,141000.0,140000.0,284588.0,139389.09375
2021-04-26,142500.0,139000.0,141500.0,139500.0,269232.0,138891.265625
2021-04-27,140500.0,136000.0,139500.0,137000.0,309455.0,136402.171875
2021-04-28,136500.0,132000.0,136000.0,132000.0,379089.0,131424.0
2021-04-29,135500.0,131000.0,134000.0,132500.0,243947.0,131921.8125
2021-04-30,132500.0,128500.0,132000.0,129500.0,287814.0,128934.90625
2021-05-03,130000.0,125500.0,129500.0,126000.0,270238.0,125450.1796875
2021-05-04,127000.0,121500.0,125000.0,125500.0,426606.0,124952.359375
2021-05-06,128000.0,123000.0,125000.0,127000.0,247982.0,126445.8125
2021-05-07,131500.0,127000.0,127000.0,130500.0,251700.0,129930.5390625
2021-05-10,134500.0,131000.0,132500.0,133000.0,223887.0,132419.640625
2021-05-11,132500.0,128500.0,132000.0,130000.0,232351.0,129432.7265625
2021-05-12,130500.0,126500.0,130000.0,127500.0,195924.0,126943.6328125
2021-05-13,130000.0,123500.0,125000.0,128500.0,265116.0,127939.2734375
2021-05-14,129500.0,126500.0,128500.0,127500.0,182417.0,126943.6328125
2021-05-17,131500.0,127500.0,128000.0,131500.0,296640.0,130926.1796875
2021-05-18,135000.0,132000.0,132500.0,134000.0,216194.0,133415.265625
2021-05-20,136000.0,131500.0,132500.0,136000.0,204196.0,135406.546875
2021-05-21,138000.0,133000.0,137500.0,135000.0,259819.0,134410.90625
2021-05-24,137500.0,133000.0,135000.0,137500.0,193266.0,136900.0
2021-05-25,138500.0,136000.0,138000.0,138000.0,288140.0,137397.8125
2021-05-26,138000.0,135500.0,138000.0,136000.0,175354.0,135406.546875
2021-05-27,138000.0,133500.0,136000.0,137500.0,269450.0,136900.0
2021-05-28,138500.0,136000.0,138000.0,137000.0,152954.0,136402.171875
2021-05-31,141500.0,137000.0,137000.0,139500.0,450595.0,138891.265625
2021-06-01,141000.0,139500.0,140500.0,140500.0,153676.0,139886.90625
2021-06-02,141000.0,137500.0,140500.0,139500.0,182174.0,138891.265625
2021-06-03,140000.0,138000.0,138500.0,138500.0,143250.0,137895.640625
2021-06-04,138500.0,135000.0,137500.0,136500.0,219664.0,135904.359375
2021-06-07,141000.0,136000.0,137000.0,140000.0,237879.0,139389.09375
2021-06-08,143000.0,136000.0,140000.0,138500.0,366460.0,137895.640625
2021-06-09,141500.0,138000.0,141500.0,138500.0,292600.0,137895.640625
2021-06-10,146000.0,137500.0,140500.0,144500.0,1120746.0,143869.453125
2021-06-11,148000.0,139000.0,147000.0,141000.0,859782.0,140384.71875
2021-06-14,146000.0,140000.0,142500.0,141000.0,521016.0,140384.71875
2021-06-15,141000.0,134000.0,140500.0,134000.0,774035.0,133415.265625
2021-06-16,135000.0,131000.0,134000.0,132000.0,458591.0,131424.0
2021-06-17,136000.0,129000.0,131000.0,134500.0,620407.0,133913.09375
2021-06-18,135500.0,132500.0,134000.0,134500.0,286431.0,133913.09375
2021-06-21,136000.0,132000.0,133500.0,134500.0,259620.0,133913.09375
2021-06-22,135500.0,132000.0,135500.0,132000.0,212913.0,131424.0
2021-06-23,133000.0,130000.0,131500.0,130500.0,247717.0,129930.5390625
2021-06-24,132500.0,129500.0,130500.0,130500.0,177806.0,129930.5390625
2021-06-25,131500.0,130000.0,130500.0,131500.0,190047.0,130926.1796875
2021-06-28,132000.0,130000.0,132000.0,130500.0,175700.0,129930.5390625
2021-06-29,134500.0,132000.0,132500.0,133500.0,373156.0,132917.453125
2021-06-30,136500.0,134000.0,136000.0,134000.0,305659.0,133415.265625
2021-07-01,141000.0,135000.0,136500.0,139500.0,674588.0,138891.265625
2021-07-02,140000.0,136500.0,139500.0,138500.0,366858.0,137895.640625
2021-07-05,144000.0,139000.0,141000.0,141000.0,590709.0,140384.71875
2021-07-06,142500.0,138000.0,142000.0,138000.0,368620.0,137397.8125
2021-07-07,139500.0,135500.0,137000.0,136000.0,312727.0,135406.546875
2021-07-08,139000.0,135000.0,136000.0,135000.0,340704.0,134410.90625
2021-07-09,134500.0,131000.0,133000.0,133500.0,334524.0,132917.453125
2021-07-12,136000.0,133500.0,135000.0,135500.0,173417.0,134908.71875
2021-07-13,138000.0,135500.0,135500.0,136500.0,231266.0,135904.359375
2021-07-14,138000.0,135500.0,136000.0,137000.0,164733.0,136402.171875
2021-07-15,139500.0,136500.0,138000.0,138000.0,215844.0,137397.8125
2021-07-16,142000.0,136500.0,137000.0,140000.0,431459.0,139389.09375
2021-07-19,139500.0,137000.0,139000.0,137500.0,192747.0,136900.0
2021-07-20,143500.0,135000.0,136500.0,142500.0,720720.0,141878.171875
2021-07-21,145000.0,139500.0,143500.0,141000.0,390510.0,140384.71875
2021-07-22,142500.0,139500.0,141500.0,140500.0,253550.0,139886.90625
2021-07-23,144000.0,140500.0,141000.0,143000.0,371690.0,142376.0
2021-07-26,145500.0,138500.0,145500.0,140000.0,413979.0,139389.09375
2021-07-27,140500.0,138000.0,139500.0,138500.0,221295.0,137895.640625
2021-07-28,140000.0,137000.0,138500.0,139500.0,235980.0,138891.265625
2021-07-29,142500.0,138500.0,138500.0,142500.0,263433.0,141878.171875
2021-07-30,141000.0,137000.0,141000.0,138500.0,309795.0,137895.640625
2021-08-02,138000.0,135500.0,138000.0,137000.0,244818.0,136402.171875
2021-08-03,145500.0,132500.0,141000.0,134500.0,1179981.0,133913.09375
2021-08-04,138500.0,132500.0,135000.0,137000.0,335375.0,136402.171875
2021-08-05,139000.0,135500.0,137500.0,136000.0,205757.0,135406.546875
2021-08-06,137000.0,134000.0,135500.0,136500.0,171840.0,135904.359375
2021-08-09,136000.0,134000.0,135500.0,135000.0,231939.0,134410.90625
2021-08-10,136000.0,133500.0,134000.0,134500.0,149719.0,133913.09375
2021-08-11,138000.0,135000.0,136500.0,136500.0,256680.0,135904.359375
2021-08-12,135000.0,130000.0,134000.0,132000.0,507930.0,131424.0
2021-08-13,133500.0,126500.0,133000.0,127000.0,433183.0,126445.8125
2021-08-17,127000.0,123000.0,126500.0,125000.0,268509.0,124454.546875
2021-08-18,130000.0,124000.0,124500.0,129500.0,200426.0,128934.90625
2021-08-19,129000.0,126000.0,128500.0,126500.0,216530.0,125948.0
2021-08-20,128500.0,124000.0,126500.0,125000.0,230207.0,124454.546875
2021-08-23,131500.0,126500.0,126500.0,129000.0,233037.0,128437.0859375
2021-08-24,133000.0,129500.0,130000.0,132000.0,185105.0,131424.0
2021-08-25,137000.0,132500.0,135500.0,136500.0,415984.0,135904.359375
2021-08-26,133500.0,126000.0,131500.0,127000.0,742075.0,126445.8125
2021-08-27,129500.0,125500.0,126000.0,127500.0,231911.0,126943.6328125
2021-08-30,128500.0,124000.0,128000.0,125000.0,236501.0,124454.546875
2021-08-31,129500.0,123000.0,123500.0,129000.0,328533.0,128437.0859375
2021-09-01,129500.0,126500.0,127500.0,127500.0,153267.0,126943.6328125
2021-09-02,129000.0,125000.0,127500.0,126000.0,197545.0,125450.1796875
2021-09-03,127500.0,125000.0,125500.0,126000.0,131338.0,125450.1796875
2021-09-06,126500.0,124500.0,125500.0,126000.0,108869.0,125450.1796875
2021-09-07,127000.0,124500.0,126000.0,125000.0,157585.0,124454.546875
2021-09-08,125500.0,123500.0,124500.0,125000.0,170794.0,124454.546875
2021-09-09,125000.0,122000.0,124000.0,122500.0,239547.0,121965.453125
2021-09-10,123500.0,120500.0,123000.0,122500.0,160169.0,121965.453125
2021-09-13,124000.0,120500.0,122500.0,121500.0,116294.0,120969.8125
2021-09-14,125500.0,122000.0,122000.0,124000.0,132706.0,123458.90625
2021-09-15,125000.0,122500.0,123000.0,124000.0,98409.0,123458.90625
2021-09-16,124500.0,122000.0,124000.0,122000.0,99786.0,121467.6328125
2021-09-17,122500.0,119000.0,121000.0,122000.0,218449.0,121467.6328125
2021-09-23,121500.0,119000.0,120500.0,121000.0,131078.0,120472.0
2021-09-24,121500.0,119500.0,120500.0,120000.0,113801.0,119476.359375
2021-09-27,120500.0,118500.0,119000.0,119000.0,103886.0,118480.7265625
2021-09-28,119000.0,114500.0,118500.0,116000.0,250658.0,115493.8125
2021-09-29,115500.0,112500.0,113500.0,114500.0,217282.0,114000.359375
2021-09-30,118500.0,113500.0,114000.0,118000.0,183792.0,117485.0859375
2021-10-01,117500.0,114000.0,116000.0,115000.0,115543.0,114498.1796875
2021-10-05,116000.0,112000.0,113000.0,114000.0,200733.0,113502.546875
2021-10-06,119000.0,113500.0,113500.0,116500.0,252294.0,115991.6328125
2021-10-07,123000.0,118000.0,118500.0,121000.0,240965.0,120472.0
2021-10-08,122500.0,119500.0,121000.0,121500.0,175364.0,120969.8125
2021-10-12,121500.0,118500.0,121500.0,119000.0,154726.0,118480.7265625
2021-10-13,122000.0,118500.0,119000.0,120000.0,124326.0,119476.359375
2021-10-14,123000.0,120000.0,121000.0,122500.0,148693.0,121965.453125
2021-10-15,123000.0,121000.0,121000.0,121500.0,132493.0,120969.8125
2021-10-18,122500.0,119000.0,121500.0,120500.0,204927.0,119974.1796875
2021-10-19,128500.0,121000.0,121500.0,127500.0,343569.0,126943.6328125
2021-10-20,129000.0,125500.0,125500.0,126000.0,168967.0,125450.1796875
2021-10-21,128500.0,125000.0,125500.0,126000.0,138301.0,125450.1796875
2021-10-22,130500.0,126500.0,126500.0,129000.0,257301.0,128437.0859375
2021-10-25,130000.0,125500.0,129000.0,127000.0,157942.0,126445.8125
2021-10-26,130000.0,127500.0,128000.0,128500.0,137579.0,127939.2734375
2021-10-27,129500.0,126500.0,128500.0,129000.0,134424.0,128437.0859375
2021-10-28,129000.0,123500.0,128500.0,123500.0,219269.0,122961.0859375
2021-10-29,125500.0,122000.0,124000.0,123500.0,149518.0,122961.0859375
2021-11-01,127500.0,123000.0,123500.0,127000.0,182848.0,126445.8125
2021-11-02,128500.0,126000.0,127500.0,126500.0,119550.0,125948.0
2021-11-03,127500.0,125000.0,126000.0,125500.0,124687.0,124952.359375
2021-11-04,128000.0,123500.0,126500.0,124000.0,196548.0,123458.90625
2021-11-05,124500.0,120000.0,124000.0,123000.0,208315.0,122463.2734375
2021-11-08,126000.0,121500.0,123000.0,125000.0,214306.0,124454.546875
2021-11-09,132000.0,125500.0,125500.0,131500.0,663818.0,130926.1796875
2021-11-10,133500.0,129000.0,132000.0,131000.0,420096.0,130428.359375
2021-11-11,140500.0,125000.0,128500.0,135000.0,1662986.0,134410.90625
2021-11-12,139500.0,131500.0,138500.0,132500.0,675624.0,131921.8125
2021-11-15,135000.0,129000.0,132500.0,131500.0,348248.0,130926.1796875
2021-11-16,135000.0,131000.0,131500.0,135000.0,329879.0,134410.90625
2021-11-17,136000.0,131500.0,135500.0,132000.0,309573.0,131424.0
2021-11-18,136000.0,130500.0,132000.0,134000.0,337696.0,133415.265625
2021-11-19,133500.0,125500.0,132000.0,126500.0,557279.0,125948.0
2021-11-22,126000.0,121000.0,124000.0,124000.0,406653.0,123458.90625
2021-11-23,125500.0,122000.0,122000.0,123000.0,205988.0,122463.2734375
2021-11-24,124000.0,120000.0,121500.0,122000.0,217473.0,121467.6328125
2021-11-25,125000.0,121000.0,121500.0,123000.0,149488.0,122463.2734375
2021-11-26,123500.0,119500.0,123000.0,120000.0,199993.0,119476.359375
2021-11-29,123500.0,118000.0,118500.0,120000.0,204984.0,119476.359375
2021-11-30,122000.0,115500.0,120500.0,117000.0,314056.0,116489.453125
2021-12-01,119500.0,115500.0,117000.0,118000.0,195728.0,117485.0859375
2021-12-02,119000.0,114500.0,116500.0,118000.0,219816.0,117485.0859375
2021-12-03,123000.0,117000.0,117000.0,121000.0,162296.0,120472.0
2021-12-06,121000.0,116500.0,120500.0,118500.0,145099.0,117982.90625
2021-12-07,121500.0,117000.0,118500.0,120000.0,168673.0,119476.359375
2021-12-08,123000.0,118500.0,120500.0,119000.0,245427.0,118480.7265625
2021-12-09,125000.0,120000.0,122000.0,121500.0,505705.0,120969.8125
2021-12-10,122000.0,120000.0,121500.0,121000.0,134363.0,120472.0
2021-12-13,121500.0,119000.0,121500.0,119000.0,119759.0,118480.7265625
2021-12-14,120500.0,118000.0,118500.0,119500.0,119159.0,118978.546875
2021-12-15,120000.0,117000.0,119500.0,118000.0,165403.0,117485.0859375
2021-12-16,120000.0,117500.0,119000.0,119000.0,135792.0,118480.7265625
2021-12-17,119500.0,118000.0,118500.0,118000.0,123893.0,117485.0859375
2021-12-20,122000.0,117000.0,118000.0,121500.0,248375.0,120969.8125
2021-12-21,122000.0,118500.0,122000.0,119500.0,165789.0,118978.546875
2021-12-22,121000.0,118500.0,119500.0,120000.0,106168.0,119476.359375
2021-12-23,122500.0,120000.0,120500.0,121000.0,129505.0,120472.0
2021-12-24,122000.0,120500.0,121500.0,121000.0,99421.0,120472.0
2021-12-27,122000.0,120000.0,121500.0,121500.0,97061.0,120969.8125
2021-12-28,122500.0,120000.0,121000.0,121000.0,216010.0,120472.0
2021-12-29,121500.0,119000.0,120000.0,119000.0,207933.0,119000.0
2021-12-30,127500.0,118000.0,118500.0,125000.0,518930.0,125000.0
2022-01-04,127500.0,121500.0,127500.0,123000.0,323862.0,123000.0
2022-01-05,122500.0,117000.0,122000.0,118000.0,392117.0,118000.0
2022-01-06,117000.0,112000.0,115500.0,112500.0,358343.0,112500.0
2022-01-07,115000.0,112500.0,113000.0,113000.0,204409.0,113000.0
2022-01-10,113000.0,109500.0,111500.0,111500.0,208350.0,111500.0
2022-01-11,113000.0,110000.0,111000.0,110000.0,149836.0,110000.0
2022-01-12,116000.0,111000.0,111000.0,114000.0,199271.0,114000.0
2022-01-13,114000.0,111000.0,113000.0,112500.0,177128.0,112500.0
2022-01-14,112000.0,110000.0,111500.0,110500.0,120886.0,110500.0
2022-01-17,112000.0,109000.0,110000.0,112000.0,148665.0,112000.0
2022-01-18,114000.0,108000.0,112000.0,108500.0,171734.0,108500.0
2022-01-19,109500.0,105500.0,107500.0,105500.0,183509.0,105500.0
2022-01-20,119000.0,105500.0,106000.0,116000.0,409378.0,116000.0
2022-01-21,120000.0,113000.0,114000.0,118500.0,382709.0,118500.0
2022-01-24,120000.0,116500.0,116500.0,118500.0,265191.0,118500.0
2022-01-25,121500.0,117000.0,117500.0,117500.0,385387.0,117500.0
2022-01-26,117500.0,117500.0,117500.0,117500.0,0.0,117500.0
2022-01-27,117000.0,105000.0,116000.0,108000.0,516339.0,108000.0
2022-01-28,112000.0,108000.0,110000.0,109500.0,272481.0,109500.0
2022-02-03,110000.0,100000.0,110000.0,100000.0,842238.0,100000.0
2022-02-04,106000.0,100000.0,100000.0,103500.0,442304.0,103500.0
2022-02-07,104000.0,101500.0,103500.0,103000.0,315133.0,103000.0
2022-02-08,103000.0,103000.0,103000.0,103000.0,0.0,103000.0
2022-02-09,103000.0,103000.0,103000.0,103000.0,0.0,103000.0
2022-02-10,105000.0,100500.0,103500.0,101000.0,331873.0,101000.0
2022-02-11,101500.0,97200.0,100000.0,99700.0,450924.0,99700.0
2022-02-14,101000.0,97900.0,97900.0,99700.0,214801.0,99700.0
2022-02-15,101500.0,98000.0,98000.0,98600.0,164054.0,98600.0
2022-02-16,103500.0,99600.0,100000.0,102000.0,230973.0,102000.0
2022-02-17,102500.0,99600.0,102000.0,100500.0,232570.0,100500.0
2022-02-18,102000.0,99600.0,99700.0,101000.0,128186.0,101000.0
2022-02-21,102000.0,99700.0,99900.0,101500.0,143456.0,101500.0
2022-02-22,101000.0,99100.0,100500.0,100500.0,171245.0,100500.0
2022-02-23,102500.0,100000.0,101000.0,102500.0,138458.0,102500.0
2022-02-24,102500.0,99600.0,101000.0,100000.0,199931.0,100000.0
2022-02-25,103500.0,100500.0,101500.0,102500.0,210640.0,102500.0
2022-02-28,102500.0,102500.0,102500.0,102500.0,0.0,102500.0
2022-03-02,104500.0,101500.0,102500.0,103000.0,138902.0,103000.0
2022-03-03,105000.0,103000.0,103500.0,104500.0,164184.0,104500.0
2022-03-04,104500.0,104500.0,104500.0,104500.0,0.0,104500.0
2022-03-07,102000.0,100000.0,100500.0,100000.0,142262.0,100000.0
2022-03-08,103500.0,99800.0,100000.0,101500.0,167785.0,101500.0
2022-03-10,101500.0,101500.0,101500.0,101500.0,0.0,101500.0
2022-03-11,109000.0,103500.0,103500.0,108000.0,256373.0,108000.0
2022-03-14,110000.0,105500.0,108500.0,106000.0,184217.0,106000.0
2022-03-15,106000.0,106000.0,106000.0,106000.0,0.0,106000.0
2022-03-16,106000.0,106000.0,106000.0,106000.0,0.0,106000.0
2022-03-17,106000.0,106000.0,106000.0,106000.0,0.0,106000.0
2022-03-18,111000.0,108000.0,109000.0,110000.0,137004.0,110000.0
2022-03-21,110000.0,110000.0,110000.0,110000.0,0.0,110000.0
2022-03-22,110500.0,108000.0,109500.0,109000.0,111066.0,109000.0
2022-03-23,114000.0,109000.0,109500.0,112000.0,211268.0,112000.0
2022-03-24,111500.0,109000.0,110500.0,110000.0,124138.0,110000.0
2022-03-25,111000.0,109000.0,110000.0,109500.0,105175.0,109500.0
2022-03-28,110500.0,107000.0,109000.0,110000.0,157011.0,110000.0
2022-03-29,112000.0,109000.0,110000.0,110000.0,124993.0,110000.0
2022-03-30,113000.0,110000.0,111500.0,111000.0,142152.0,111000.0
2022-03-31,112500.0,110500.0,111000.0,111500.0,87024.0,111500.0
2022-04-01,110500.0,107000.0,110500.0,108000.0,193323.0,108000.0
2022-04-04,110000.0,106500.0,107500.0,109500.0,103717.0,109500.0
2022-04-05,112000.0,109500.0,110000.0,111500.0,120509.0,111500.0
2022-04-06,110500.0,108500.0,110500.0,109500.0,138731.0,109500.0
2022-04-07,108500.0,103000.0,108000.0,104000.0,276227.0,104000.0
2022-04-08,104500.0,102500.0,104000.0,103500.0,148367.0,103500.0
2022-04-11,105000.0,102500.0,103500.0,102500.0,105567.0,102500.0
2022-04-12,104000.0,101000.0,102500.0,102500.0,143601.0,102500.0
2022-04-13,105000.0,102000.0,103000.0,104500.0,111452.0,104500.0
2022-04-14,105500.0,103000.0,104500.0,103500.0,130971.0,103500.0
2022-04-15,103500.0,101000.0,102500.0,103000.0,109501.0,103000.0
2022-04-18,103000.0,103000.0,103000.0,103000.0,0.0,103000.0
2022-04-19,104000.0,102500.0,103000.0,103500.0,84748.0,103500.0
2022-04-20,103500.0,101500.0,103000.0,101500.0,95131.0,101500.0
2022-04-21,103000.0,101500.0,102500.0,102000.0,46917.0,102000.0
